이름,나이,거주지
beanie,32,인천
joy,29,서울
아무개,25,강원
헬로,40,제주
헬로1,40,제주
헬로2,40,제주
헬로3,40,제주
헬로4,40,제주
헬로5,40,제주
헬로6,40,제주
헬로7,40,제주
beanie,32,인천
joy,29,서울
아무개,25,강원
헬로,40,제주
헬로1,40,제주
헬로2,40,제주
헬로3,40,제주
헬로4,40,제주
헬로5,40,제주
헬로6,40,제주
헬로7,40,제주
beanie,32,인천
joy,29,서울
아무개,25,강원
헬로,40,제주
헬로1,40,제주
헬로2,40,제주
헬로3,40,제주
헬로4,40,제주
헬로5,40,제주
헬로6,40,제주
헬로7,40,제주
beanie,32,인천
joy,29,서울
아무개,25,강원
헬로,40,제주
헬로1,40,제주
헬로2,40,제주
헬로3,40,제주
헬로4,40,제주
헬로5,40,제주
헬로6,40,제주
헬로7,40,제주
beanie,32,인천
joy,29,서울
아무개,25,강원
헬로,40,제주
헬로1,40,제주
헬로2,40,제주
헬로3,40,제주
헬로4,40,제주
헬로5,40,제주
헬로6,40,제주
헬로7,40,제주
beanie,32,인천
joy,29,서울
아무개,25,강원
헬로,40,제주
헬로1,40,제주
헬로2,40,제주
헬로3,40,제주
헬로4,40,제주
헬로5,40,제주
헬로6,40,제주
헬로7,40,제주
beanie,32,인천
joy,29,서울
아무개,25,강원
헬로,40,제주
헬로1,40,제주
헬로2,40,제주
헬로3,40,제주
헬로4,40,제주
헬로5,40,제주
헬로6,40,제주
헬로7,40,제주
beanie,32,인천
joy,29,서울
아무개,25,강원
헬로,40,제주
헬로1,40,제주
헬로2,40,제주
헬로3,40,제주
헬로4,40,제주
헬로5,40,제주
헬로6,40,제주
헬로7,40,제주
beanie,32,인천
joy,29,서울
아무개,25,강원
헬로,40,제주
헬로1,40,제주
헬로2,40,제주
헬로3,40,제주
헬로4,40,제주
헬로5,40,제주
헬로6,40,제주
헬로7,40,제주
